# noinspection SqlNoDataSourceInspectionForFile
INSERT INTO USER (ID, USERNAME, PASSWORD, FIRSTNAME, LASTNAME, EMAIL, ENABLED, LASTPASSWORDRESETDATE) VALUES (1, 'admin', '$2a$08$lDnHPz7eUkSi6ao14Twuau08mzhWrL4kyZGGU5xfiGALO/Vxd5DOi', 'admin', 'admin', 'admin@admin.com', 1, null);
INSERT INTO USER (ID, USERNAME, PASSWORD, FIRSTNAME, LASTNAME, EMAIL, ENABLED, LASTPASSWORDRESETDATE) VALUES (2, 'adam', '$2a$08$lDnHPz7eUkSi6ao14Twuau08mzhWrL4kyZGGU5xfiGALO/Vxd5DOi', 'admin', 'admin', 'admin@admin.com', 1, null);


INSERT INTO AUTHORITY (ID, NAME) VALUES (1, 'ROLE_USER');
INSERT INTO AUTHORITY (ID, NAME) VALUES (2, 'ROLE_ADMIN');

INSERT INTO USER_AUTHORITY (USER_ID, AUTHORITY_ID) VALUES (1, 1);
INSERT INTO USER_AUTHORITY (USER_ID, AUTHORITY_ID) VALUES (1, 2);

INSERT INTO CATEGORY (ID, NAME) VALUES (1, 'PHARMACY');
INSERT INTO CATEGORY (ID, NAME) VALUES (2, 'MECHANIC');

INSERT INTO SERVICE (ID, SERVICE_NAME, CATEGORY_ID, SERVICE_RATING) VALUES (1, 'RYBAK', 1, 3.5);
INSERT INTO SERVICE (ID, SERVICE_NAME, CATEGORY_ID, SERVICE_RATING) VALUES (2, 'RZEŹNIK', 2, 1.2);
INSERT INTO SERVICE (ID, SERVICE_NAME, CATEGORY_ID, SERVICE_RATING) VALUES (3, 'FRYZJER', 1, 5);
INSERT INTO SERVICE (ID, SERVICE_NAME, CATEGORY_ID, SERVICE_RATING) VALUES (4, 'SKLEPIK', 1, 2.3);
INSERT INTO SERVICE (ID, SERVICE_NAME, CATEGORY_ID, SERVICE_RATING) VALUES (5, 'APTEKA', 1, 2.3);
INSERT INTO SERVICE (ID, SERVICE_NAME, CATEGORY_ID, SERVICE_RATING) VALUES (6, 'HYDRAULIK', 1, 2.3);
INSERT INTO SERVICE (ID, SERVICE_NAME, CATEGORY_ID, SERVICE_RATING) VALUES (7, 'MURARZ', 1, 2.3);
INSERT INTO SERVICE (ID, SERVICE_NAME, CATEGORY_ID, SERVICE_RATING) VALUES (8, 'TYNKARZ', 1, 2.3);



